,date_run,songTitle,authorName,private,duration,album,scheduleSearchTime,numTimesUsed,artist_id,uniqueId,nickname,createTime,verified,secUid,relation,openFavorite,commentSetting,duetSetting,stitchSetting,privateAccount
6926430057246280453,05/04/21,–ú–æ—è –≥–æ–ª–æ–≤–∞ –≤–∏–Ω—Ç–æ–º,‚ú®–ú·¥Ä·¥©·¥¶·¥è‚úåüèª,False,9,,0,907300,6831977581227820038,atiragram0,‚ú®–ú·¥Ä·¥©·¥¶·¥è‚úåüèª,1590665166,False,MS4wLjABAAAARkTg_VBgGG8zOtB5Hg6kM_1GMbQAyUk4W2Zh8jTAwKoiIRbRVaCBcT4zqfA_PlmS,0,False,0,0,0,False
6956939305335933701,05/04/21,suono originale,Khabane lame,False,23,,0,1185,127905465618821121,khaby.lame,Khabane lame,1470866554,True,MS4wLjABAAAAwAg0rSzO65WQfz4RzQgGv2Xdv108BgPXhRrrmNVIHQZ9PO8-flwwRtEppYTS0OjA,0,False,0,0,0,False
6945541245435381761,05/04/21,deja vu,Olivia Rodrigo,False,45,deja vu,0,1500000,NA,NA,NA,NA,NA,NA,NA,NA,NA,NA,NA,NA
6840149587802475270,05/04/21,sonido original,George-G,False,8,,0,1247,6688417872773334022,georgegoficial,George-G,1557268715,False,MS4wLjABAAAAA2cWxfdWEksKckQBHCRMG0ikvCh961mNxfcxPe-Hy_ViMi47nOzdehtY-lUZpoKk,0,False,0,0,0,False
6757872491160406017,05/04/21,Teach Me How To Dougie,Classics Reborn,False,30,Teach Me How To Dougie,0,1800000,NA,NA,NA,NA,NA,NA,NA,NA,NA,NA,NA,NA
6777331815179880449,05/04/21,Paper Birds (3 min),Jordan Halpern Schwartz,False,192,,0,1128,NA,NA,NA,NA,NA,NA,NA,NA,NA,NA,NA,NA
6925040330622454533,05/04/21,insane in the brain,‚òÜÔ∏é,False,11,,0,106000,6891777839314682885,ghostoid,‚òÜÔ∏é,1604617197,False,MS4wLjABAAAALs1MaL84rDnvPRIPaKEzxYkok29qO4TCQYgUDP3Bv9Bv4Ap02rywEv9QIlGrI1F8,0,False,0,0,0,False
6792383076640082693,05/04/21,suono originale,‚ú® I don't have motivation‚ú®,False,8,,0,68900,6726914132917208069,_..cl4wn.._,‚ú® I don't have motivation‚ú®,1567696933,False,MS4wLjABAAAAurQHckjIp9cy7Qgo1Z9zS492qCP1UtCM41bT6jvuJT3AJNpaNDs0rjEINHq1BsiJ,0,False,0,0,0,False
6897097414797166594,05/04/21,Body,Megan Thee Stallion,False,60,Good News,0,1600000,6748929703376536581,theestallion,Megan Thee Stallion,1571358379,True,MS4wLjABAAAA_uxT8W-lPWnJwUoLQ8v1XUDdpR3SIdz_XYfcHEhK9K2ai6pyovpIvfSqZpyAIskO,0,False,0,0,0,False
6885449331428558861,05/04/21,"Jump in the Line (Shake, Senora)",Harry Belafonte,False,219,,0,12300,NA,NA,NA,NA,NA,NA,NA,NA,NA,NA,NA,NA
6735757810719541250,05/04/21,San Andreas (Radio Edit),Groove Delight,False,30,San Andreas,0,197900,NA,NA,NA,NA,NA,NA,NA,NA,NA,NA,NA,NA
6869085650457578245,05/04/21,Goodbye to a world,animacionesmax,False,39,,0,182400,6784773344904643590,maxanimaciones,animacionesmax,1582312919,False,MS4wLjABAAAAhB2KoM3M8VNuLOtDJfA5DRk6B-xilYtK02MBD3P7Ysg7O6pQ1ruuJfCQLeSbn4PH,0,False,0,1,1,False
6958070791791561477,05/04/21,suono originale,Khabane lame,False,20,,0,1561,127905465618821121,khaby.lame,Khabane lame,1470866554,True,MS4wLjABAAAAwAg0rSzO65WQfz4RzQgGv2Xdv108BgPXhRrrmNVIHQZ9PO8-flwwRtEppYTS0OjA,0,False,0,0,0,False
6948491792060926726,05/04/21,shut the fu pls dont talk,tayüï¥üèΩ,False,17,,0,162200,17925795,thebiggestblrd,tayüï¥üèΩ,1448590008,False,MS4wLjABAAAA8IVImAlLIc4X6V_0ge5ULQUdekUnEsBT7Ec9EwTob80,0,False,0,0,0,False
6697850833603660550,05/04/21,Press,Cardi B,False,32,Press,0,297400,313520613518753792,iamcardib,Cardi B,1515091866,True,MS4wLjABAAAAFg2m8gH-rNBrv_6YcFiNUJjeOniHIbIk5rxv5qea9SuNDca39mblsXvBzYQq3EQP,0,False,0,0,0,False
6943101027860155141,05/04/21,McDonalds Ice Cream Machine,Dame,False,31,,0,34000,6717440778589815813,damedamian,Dame,1565149304,True,MS4wLjABAAAAZZZDR5FHUONpivtkJK5UPwaZrU4qA6P4rY9f2HdB2qdYkecJRi9m2jwRR3bNpYRI,0,False,0,0,0,False
6953457140472252418,05/04/21,"Body (Remix) [feat. ArrDee, E1 (3x3), ZT (3x3), Bugzy Malone, Buni, Fivio Foreign & Darkoo]",Tion Wayne & Russ Millions,False,60,"Body (Remix) [feat. ArrDee, E1 (3x3), ZT (3x3), Bugzy Malone, Buni, Fivio Foreign & Darkoo]",0,36700,NA,NA,NA,NA,NA,NA,NA,NA,NA,NA,NA,NA
6947333417029733126,05/04/21,talking to the moon sickmix,Sickickmusic,False,18,,0,2100000,128272972192137216,sickickmusic,Sickickmusic,1470925375,False,MS4wLjABAAAAF6dbwUOmv4FjbQA12agiWrKl4QHbdyEfD5hA2fIqprUvKn97_TM25OoGJiGiXn1N,0,False,0,0,0,False
6957703071635999490,05/04/21,Ïò§Î¶¨ÏßÄÎÑê ÏÇ¨Ïö¥Îìú - ÏõêÏ†ïÎß® WonJeong,ÏõêÏ†ïÎß® WonJeong,False,12,,0,18900,6869286989888406529,ox_zung,ÏõêÏ†ïÎß® WonJeong,1599380729,True,MS4wLjABAAAAA3l9TD8oUjg-xkY7IzsZhJzfq97vCBvWjgjeadSIGy7hk9b-nAIstNXkOWYTa-Ts,0,False,0,0,0,False
6732316825280841730,05/04/21,Vibe (If I Back It Up),Cookiee Kawaii,False,60,Vibe,0,1400000,NA,NA,NA,NA,NA,NA,NA,NA,NA,NA,NA,NA
6800370585814697986,05/04/21,Intentions (Instrumental Version) [Originally Performed by Justin Bieber & Quavo],Elliot Van Coup,False,60,Blast Thru Hits vol 3,0,160200,NA,NA,NA,NA,NA,NA,NA,NA,NA,NA,NA,NA
5000000001472498199,05/04/21,My Chick Bad - Album Version (Explicit),Ludacris,False,30,Battle Of The Sexes,0,448200,NA,NA,NA,NA,NA,NA,NA,NA,NA,NA,NA,NA
6834975092238190594,05/04/21,Day 'n' Nite,Kid Cudi,False,30,Watch Dogs (Music from the Video Game) [Original Game Soundtrack],0,447100,NA,NA,NA,NA,NA,NA,NA,NA,NA,NA,NA,NA
6948521578766371590,05/04/21,Levitating,Dua Lipa,False,13,Levitating,0,1400000,170447429077598208,dualipaofficial,Dua Lipa,1481009400,True,MS4wLjABAAAAJypGod6uEG7eZnTAFQAJCxESeCTznEI8o4tYcRggKlzBZSedv00sXBxqHlYCc2mI,0,False,0,0,0,False
6796126109965502465,05/04/21,You Got It,Vedo,False,60,You Got It,0,9300000,NA,NA,NA,NA,NA,NA,NA,NA,NA,NA,NA,NA
6940308382867835654,05/04/21,sonido original,Oscar Hernandez,False,46,,0,861,6803436171504927750,oscarhp173,Oscar Hernandez,1587572402,False,MS4wLjABAAAApZbA59RhyP2WXTBAJeGVyL-rcSqOwn-vRjC7ZJ3nt0M8DZLD2nik9zt_IUnbv7fD,0,False,0,0,0,False
6957309029743971078,05/04/21,suono originale,Khabane lame,False,10,,0,952,127905465618821121,khaby.lame,Khabane lame,1470866554,True,MS4wLjABAAAAwAg0rSzO65WQfz4RzQgGv2Xdv108BgPXhRrrmNVIHQZ9PO8-flwwRtEppYTS0OjA,0,False,0,0,0,False
6837654631623968769,05/04/21,Track Star,Mooski,False,45,Track Star,0,976800,NA,NA,NA,NA,NA,NA,NA,NA,NA,NA,NA,NA
6937044728353426177,05/04/21,original sound - MooooBub,MooooBub,False,12,,0,13300,6906252572858287105,urmoo0,MooooBub,1607987525,False,MS4wLjABAAAAnmc4vn8lkRO7Y4hukXWdSAY0tyNQPA4_Few3pgfwhlCHDLVhoq6B04RF_5bRQ3Kg,0,False,0,0,1,False
6769046027488987137,05/04/21,FEEL THE GROOVE,"Queens Road, Fabian Graetz",False,112,,0,396700,NA,NA,NA,NA,NA,NA,NA,NA,NA,NA,NA,NA
6903562944160729090,05/04/21,WHOLE LOTTA MONEY,bia,False,30,FOR CERTAIN,0,97300,6731241144343643142,bia,bia,1567239717,True,MS4wLjABAAAAkj7shrZKB_aUX-2A_7pEoMy0JZJGkTaW4lbdwiFtqg-2zXpu6ci8uHNwvDI143xu,0,False,0,0,0,False
6946377638868962054,05/04/21,Follow me song is Too much FYOTP YT,ü¶à,False,11,,0,812300,17722405,jodymyjody_,ü¶à,1448500064,False,MS4wLjABAAAA5zOxB9juqP5dy4RWkrw3Ya66JEApe_1rI1N5pHekAug,0,False,0,0,0,False
6942551356402042881,05/04/21,MONTERO (Call Me By Your Name),Lil Nas X,False,30,MONTERO (Call Me By Your Name),0,1400000,NA,NA,NA,NA,NA,NA,NA,NA,NA,NA,NA,NA
6774219700038535170,05/04/21,SAVE ME,Ben Garlock,False,169,,0,4459,NA,NA,NA,NA,NA,NA,NA,NA,NA,NA,NA,NA
6948074928969091845,05/04/21,Peaches sickmix,Sickickmusic,False,26,,0,30300,128272972192137216,sickickmusic,Sickickmusic,1470925375,False,MS4wLjABAAAAF6dbwUOmv4FjbQA12agiWrKl4QHbdyEfD5hA2fIqprUvKn97_TM25OoGJiGiXn1N,0,False,0,0,0,False
6914409440376539138,05/04/21,"Gravity (feat. Tyler, The Creator)",Brent Faiyaz & DJ Dahi,False,60,"Gravity (feat. Tyler, The Creator)",0,518800,NA,NA,NA,NA,NA,NA,NA,NA,NA,NA,NA,NA
6728028236460165894,05/04/21,Wolves,Kanye West,False,10,The Life Of Pablo,0,120700,NA,NA,NA,NA,NA,NA,NA,NA,NA,NA,NA,NA
6925658290315593729,05/04/21,Up,Cardi B,False,60,Up,0,2100000,313520613518753792,iamcardib,Cardi B,1515091866,True,MS4wLjABAAAAFg2m8gH-rNBrv_6YcFiNUJjeOniHIbIk5rxv5qea9SuNDca39mblsXvBzYQq3EQP,0,False,0,0,0,False
6957703191756671750,05/04/21,suono originale,Khabane lame,False,26,,0,2123,127905465618821121,khaby.lame,Khabane lame,1470866554,True,MS4wLjABAAAAwAg0rSzO65WQfz4RzQgGv2Xdv108BgPXhRrrmNVIHQZ9PO8-flwwRtEppYTS0OjA,0,False,0,0,0,False
6746993352891189249,05/04/21,Monkeys Spinning Monkeys,Kevin MacLeod,False,60,Monkeys Spinning Monkeys,0,8100000,NA,NA,NA,NA,NA,NA,NA,NA,NA,NA,NA,NA
6943721678425819137,05/04/21,Hog Eye,Storm Weather Shanty Choir,False,30,Hog Eye,0,7,NA,NA,NA,NA,NA,NA,NA,NA,NA,NA,NA,NA
6689104652375509765,05/04/21,The Git Up,Blanco Brown,False,15,Honeysuckle & Lightning Bugs,0,2000000,6680021391121482757,blancobrown,Blanco Brown,1555680746,True,MS4wLjABAAAAKYFWNwOKGaMygRTB_SZ6HxobJQ8GamxaFjMBH8uyEn24ysyr-Q2jETsaC9wbeR-u,0,False,0,0,0,False
6834655294212131590,05/04/21,sonido original,Mortifero Guiira üî•,False,9,,0,530800,6778540247337714694,mortifero_rikiguiira,Mortifero Guiira üî•,1578252127,False,MS4wLjABAAAA02HQmYyY_Fy3tJMnaONjDxlz2sO3PrTRybZ8kEF5XDRNm3eHX4VDsmcZyauyRGcB,0,False,0,0,0,False
6897433139871042306,05/04/21,Tokyo,Leat'eq,False,13,Tokyo,0,2000000,NA,NA,NA,NA,NA,NA,NA,NA,NA,NA,NA,NA
6936295195063503621,05/04/21,Baby Pew pew pew,lizzie.rpx,False,8,,0,1100000,6565568093640441857,lizzie.rpx,lizzie.rpx,1539376117,False,MS4wLjABAAAA4Ln8Wjj-qcNFMLto4h9jadesG-8gRTlCKR3L_trdcjdPRMeZiZPeGbXmA8NMgHA5,0,False,0,1,1,False
6956984537494719238,05/04/21,–æ—Ä–∏–≥–∏–Ω–∞–ª—å–Ω—ã–π –∑–≤—É–∫,I am Serhii,False,16,,0,48,6694702788004480005,h.serhii,I am Serhii,1558703384,False,MS4wLjABAAAAxIRhhPVSt8ksu_CO9pNHPYYKMR9GLwmK3Z57NIBtJzzfz7s9SlPhQNMcXGznaGcy,0,False,0,0,0,False
6859320727460465414,05/04/21,People used my sound Question Mark,hi,False,54,,0,36600,6773467656475542533,aeirein,hi,1577071085,False,MS4wLjABAAAAlTL9jQMe_Ri1nGabp06LdqfClCdd6YoQJYnangL-AMgNpKYBrZusy65XQuqB9SQJ,0,False,0,0,0,False
5000000001355149519,05/04/21,I'm Just a Kid,Simple Plan,False,30,"No Pads, No Helmets...Just Balls (15th Anniversary Tour Edition)",0,3700000,6764091620830053381,simpleplan,Simple Plan,1576858811,True,MS4wLjABAAAAeFzwZ9IMb-op3t-ZVrGkWBbD-280kN-DReujQj4MXlxhUPFunJeAccTL9iCRWauX,0,False,0,0,0,False
6847581036629460993,05/04/21,Send Me on My Way,Vibe Street,False,60,Vibin' on Em (The Remix)- EP,0,561600,NA,NA,NA,NA,NA,NA,NA,NA,NA,NA,NA,NA
6947428005501668101,05/04/21,San Andreas Theme Song,Young Maylay,False,8,San Andreas Original Mixtape,0,779800,NA,NA,NA,NA,NA,NA,NA,NA,NA,NA,NA,NA
6737391582615439361,05/04/21,Night Trouble,Petit Biscuit,False,60,Night Trouble,0,76200,6571682086922584069,petitbiscuit,Petit Biscuit,1554235390,True,MS4wLjABAAAADxpBoEVayvc34YlgYAZKoJEmlXWo5Zn_TxcCj_4-VB6A-6IMTVsdBzwYGOoSVODI,0,False,0,0,0,False
243601589201035264,05/04/21,Straw-Buh-Buh-Buh-Buh-Berry Shortcake,Strawberry Shortcake,False,30,"Berry, Merry Christmas",0,16300,NA,NA,NA,NA,NA,NA,NA,NA,NA,NA,NA,NA
6940871396524312577,05/04/21,Starstruck,Olly Alexander,False,25,Starstruck,0,83100,6802615574738289669,ollyalexander,Olly Alexander,1583829734,True,MS4wLjABAAAAYumpJuJBDBDx-bTSKzF7Mt7_453xzYbj64kNRXnhP9EoRWxeRouiiymKrFOvERqP,0,False,0,0,0,False
6790134598555666434,05/04/21,RAMPAGE,GRAVEDGR,False,60,6 FEET UNDER,0,210500,NA,NA,NA,NA,NA,NA,NA,NA,NA,NA,NA,NA
6669854674113317638,05/04/21,BREAKFAST CHALLENGE,spence,False,48,BREAKFAST CHALLENGE,0,5400000,6615180516264427526,spence,spence,1540495721,True,MS4wLjABAAAAAssioYrOY9ciXQdgAOmYKxH3vFTlQFp2qK_fesxuuzpwzWChYVIVfyxOcHb-tJD-,0,False,0,0,0,False
6937732507425048578,05/04/21,All To Me,Giveon,False,30,When It's All Said And Done... Take Time,0,2381,NA,NA,NA,NA,NA,NA,NA,NA,NA,NA,NA,NA
6819669674922362881,05/04/21,I'm So Hungry,Karter Zaher,False,60,I'm So Hungry,0,218200,NA,NA,NA,NA,NA,NA,NA,NA,NA,NA,NA,NA
6779232045043698438,05/04/21,Bad Guy X Bury a Friend X Walls Could Talk,rapidsongs ,False,15,,0,352300,101389484209885184,rapidsongs,rapidsongs ,1464544652,False,MS4wLjABAAAAy6WWiqlfWRP_UP1dhq1Q9jPZ_-LLoGOlKuIWG7uGrlDnz_HPlEFVhuBtkF6_jA1E,0,False,0,0,0,False
6826096341966456833,05/04/21,Buss It,Erica Banks,False,60,Buss It,0,5700000,6811305929884451845,realericabanks,Erica Banks,1585881152,True,MS4wLjABAAAAfGjiWnOvqsWJBhxEl1637jHe2W55x4FsWxjvyWHeOPv7Uw59qUJope_0hiHvlrRe,0,False,0,0,0,False
224254646075260928,05/04/21,Low (feat. T-Pain),T-Pain,False,30,Mail on Sunday,0,142200,231611294947262464,tpain,T-Pain,1495591991,True,MS4wLjABAAAAlNclKcL3ZfH2YxwFO6YQ11HfdAE8S-IDaKezjskeHdjRPW1tEKT6a9rJ_0P7pTdf,0,False,0,0,0,False
6946640555162077957,05/04/21,sonido original,Angela Gavino,False,9,,0,1727,6781060187430355973,angelagavino,Angela Gavino,1581833490,False,MS4wLjABAAAA0JE7Q1jbjqgnvP4rg48c3LH67wfjBe-yaS0KrBX2m3LcSFSOpyuE3TxtUx62JrOr,0,False,0,0,0,False
6956246752337267462,05/04/21,sonido original,Jhoan Roa,False,12,,0,994,6781782177510196229,jhoan.roa,Jhoan Roa,1578978143,False,MS4wLjABAAAAts9p46OCq6cssw4MUBjN1K2_081KUN7nTJ6NC3nACFtGVKgk52jXtZrD2fnpMr4Q,0,False,0,0,0,False
6806086140819425281,05/04/21,Control,Zoe Wees,False,30,Control,0,86700,6645254536401567750,zoeweesofficial,Zoe Wees,1572020937,True,MS4wLjABAAAA1uDaUpAZ5tGpIc9n5KeCL509qsr4WMey3NXGLIqo4fiBg0Kz7Qj_EHgY07EY1JZ8,0,False,0,0,0,False
6761759820828641281,05/04/21,Love Is Gone (feat. Dylan Matthew) (Acoustic),"SLANDER, Dylan Matthew",False,30,Love Is Gone (Acoustic),0,468900,NA,NA,NA,NA,NA,NA,NA,NA,NA,NA,NA,NA
6936143790793296642,05/04/21,–æ—Ä–∏–≥–∏–Ω–∞–ª—å–Ω—ã–π –∑–≤—É–∫,l'm God,False,14,,0,73900,6557238859020304390,_loki.edits,l'm God,1526739148,False,MS4wLjABAAAA7VAkM8FXnMBSkmwa4LRO9SE70fhs_DfYXJ1b6Sn6XEbvKIZsoyyhHXmaV-tbSOEm,0,False,0,0,0,False
6920415959060580354,05/04/21,Away,Ayra Starr,False,60,Ayra Starr,0,56000,NA,NA,NA,NA,NA,NA,NA,NA,NA,NA,NA,NA
6608565900989696774,05/04/21,Cotton Eyed Joe,The Hit Crew,False,14,Ultimate Dance Party Favorites,0,410800,NA,NA,NA,NA,NA,NA,NA,NA,NA,NA,NA,NA
6905484726061091585,05/04/21,dead man walking,favsoundds ,False,28,,0,332400,6556903714136899590,favsoundds,favsoundds ,1535395477,True,MS4wLjABAAAAlX7jPnNJMoU0Bl7tp-P_khZSqUOMkuq0Z3JGWhCm5Xk8PX7_QsChNUnpIvSLyk6k,0,False,0,0,0,False
6867641385273527046,05/04/21,it was gay,annie,False,8,,0,40400,6754529298902123525,achilleshateaccount,annie,1572637585,False,MS4wLjABAAAAtP-8uuWxPulLDwBWxWigmFnGLuVkIeFPYwn4vSMoNYejo-3u4EreoRREROPG_D_b,0,False,0,0,0,False
6952384556943166213,05/04/21,freaks by surf curse,te amo <3,False,10,,0,60000,6917100253968991238,glowstonc,te amo <3,1610513071,False,MS4wLjABAAAADvQ2RvhxtslQQgx7FGM7RbWx-BOTanDLNwGYiyvOIvMu8Cm1QZDujYu1f1Eqq6lu,0,False,0,0,0,False
6889366517616674817,05/04/21,Tierra Mexicana - Instrumental,Banda Tierra Mexicana,False,60,Tierra Mexicana - Instrumental,0,433,NA,NA,NA,NA,NA,NA,NA,NA,NA,NA,NA,NA
6586947002464996102,05/04/21,Oh No,Kreepa,False,166,Cold As Ice,0,14700000,NA,NA,NA,NA,NA,NA,NA,NA,NA,NA,NA,NA
6936880989784345346,05/04/21,Leave The Door Open,Bruno Mars,False,24,Leave The Door Open,0,1300000,159398380291555328,brunomars,Bruno Mars,1478346261,True,MS4wLjABAAAA06euMtqRvuACJv5KhDdrE3qY5de2t6uDGKt3j0xe5bzqoPk-x1IFhG8gxHAfaxmH,0,False,0,0,0,False
6927137162395749122,05/04/21,Heartbreak Anniversary,GIVƒíON,False,35,Heartbreak Anniversary,0,2400000,6878506713541133318,giveon,GIVƒíON,1601527256,True,MS4wLjABAAAA7QwKV5tIeRog_OkF2iVZubxetjXJK22mYyBUUAHwAtAUH3Ihe7LM8AWW7Hc7pXrv,0,False,0,0,0,False
6942932967341705990,05/04/21,Huijiii,Claudio Rodriguez,False,8,,0,136800,6876622504631714821,donzoiloyelviejoluis,Claudio Rodriguez,1601059823,False,MS4wLjABAAAAJpbKY59RKJdDZ7W6HP_RqPIeP57W2QfLvUzQk51jK_ifO9b8dAOFmwdcScktkU7G,0,False,0,0,0,False
6936006004631014150,05/04/21,ghost town voice memo (full version out now),chloe george,False,59,,0,648800,21951712,chloegeorgeya,chloe george,1450338977,False,MS4wLjABAAAAiKx2YbkeduehmAqBhYhDJFfW2MJI_5wcY2MAOPUPcn0,0,False,0,0,0,False
6920125567752734722,05/04/21,SugarCrash!,ElyOtto,False,60,SugarCrash!,0,8600000,6613614099156729862,elpunko,ElyOtto,1539888688,True,MS4wLjABAAAAWY4yY8EiuNqbjQP020GBxWFnEoKD29XqGFa22qoPhFYZsQi3qsapegxX57quUhYK,0,False,0,0,1,False
6876131097164450566,05/04/21,Day 'n' Nite,Kid Cudi,False,9,Watch Dogs (Music from the Video Game) [Original Game Soundtrack],0,707900,NA,NA,NA,NA,NA,NA,NA,NA,NA,NA,NA,NA
6775775661198936065,05/04/21,Hope (feat. Demarco),Collie Buddz,False,60,Playback,0,4,6724562356758545413,realcolliebuddz,Collie Buddz,1565655541,True,MS4wLjABAAAAAkNwE7SBa45c9CmJRSrCd69drtFRdZIMYe8yZ7AV7T_4pbM81E_28GmOI6SYkP8n,0,False,0,0,0,False
6942594434632075266,05/04/21,Devil Knows,Armen Paul,False,60,Devil Knows,0,4215,NA,NA,NA,NA,NA,NA,NA,NA,NA,NA,NA,NA
6705081522996643842,05/04/21,Wild Ones (feat. Sia),Flo Rida,False,60,Wild Ones,0,51,69342798163898368,official_flo,Flo Rida,1456904126,True,MS4wLjABAAAA2pXjdQQg-fFC_g2PoIwLCZ0bpsZO-36CTZUlwBvOsbXrl8vR0K9gQ3Ll-V7io9B6,0,False,0,0,0,False
6851608429664929794,05/04/21,Mood (feat. iann dior),24kGoldn,False,30,Mood (feat. iann dior),0,3100000,6640919016947908613,24kgoldn,24kGoldn,1546210432,True,MS4wLjABAAAA5q1LlTxi8WtvhNkinzZgT-n5Xb-Sv3bVbIZiEpmCCS40ZpZwU7-uggAIMCtDNJ-n,0,False,0,0,0,False
6704985044194166786,05/04/21,Way down We Go,KALEO,False,60,Way down We Go,0,275400,NA,NA,NA,NA,NA,NA,NA,NA,NA,NA,NA,NA
6810180997917722626,05/04/21,Taste It,Ikson¬Æ,False,60,Taste It,0,515600,279296288188526592,ikson,Ikson¬Æ,1506932139,True,MS4wLjABAAAAoefrAQHp6XEDDzVB2NSMLBidJKdZLQ_Nh0dJoEmsP3rEMQzktFI_KqrR1I5_nq0J,0,False,0,0,0,False
6944770499713059590,05/04/21,Vacations - Young (Knock Knock Edit),baka,False,9,,0,241300,6944395560254194693,okbakakaka,baka,1616868142,False,MS4wLjABAAAAbYbceZWVWgilbZJT_uhMkz-biN939O2wqWmE2Y5qJES5usRREiXawiQ6_gFswnrk,0,False,0,1,1,False
6705099804474607618,05/04/21,Level Up,Ciara,False,60,Beauty Marks,0,10800,6673514646345581574,ciara,Ciara,1553798952,True,MS4wLjABAAAAjgXo9I9Xad7cbSWjVREEBcA8omVzXtaiMKtiG_boLhxglbR3L49X-M87tHoQJ1Jt,0,False,0,0,0,False
6876466012233926658,05/04/21,Levitating (feat. DaBaby),Dua Lipa,False,60,Levitating (feat. DaBaby),0,355100,170447429077598208,dualipaofficial,Dua Lipa,1481009400,True,MS4wLjABAAAAJypGod6uEG7eZnTAFQAJCxESeCTznEI8o4tYcRggKlzBZSedv00sXBxqHlYCc2mI,0,False,0,0,0,False
6922356027585268486,05/04/21,Renai Circulation (English Cover) [TV Size],Lizz Robinett,False,35,Renai Circulation (English Cover) [TV Size],0,4800000,NA,NA,NA,NA,NA,NA,NA,NA,NA,NA,NA,NA
6873877257572666118,05/04/21,Money Mouf x 3 Musketeers,carneyval,False,24,,0,2303,6618575249679122438,carneyval,carneyval,1554224860,True,MS4wLjABAAAA1YcvZ98cdKd0Zi3Q1jBAInbxmL95tbRzwCiDqxdmDYcB2fxr72Fmb-zRW6SGiVQc,0,False,0,0,0,False
6808589859721054216,05/04/21,Tell Me Why I'm Waiting,Timmies/Nineteen95,False,123,,0,139700,NA,NA,NA,NA,NA,NA,NA,NA,NA,NA,NA,NA
222566638104154112,05/04/21,PONPONPON,Kyary Pamyu Pamyu,False,30,KPP BEST,0,130600,NA,NA,NA,NA,NA,NA,NA,NA,NA,NA,NA,NA
6751361876996770566,05/04/21,American Boy but Shibuya is there too,goalsounds ,False,13,,0,1900000,167408911589740544,goalsounds,goalsounds ,1480284962,False,MS4wLjABAAAABdGTTgp5k1jg3bndpDSvP7502s3Wq1ScvdieuciHmxtD1B3F79DLuhg7T3DiSXY-,0,False,0,0,0,False
6879511729882008321,05/04/21,sonido original,maximo lenis,False,8,,0,258600,6695387247971484677,maximo...lenis,maximo lenis,1563939396,False,MS4wLjABAAAACXKXjdvYBWHl4ktoftIQFQXS8jT9_cUsqRBr2QC8w479eS1UXG-Y5oEpsUqKhKPa,0,False,0,0,0,False
6938059742434675457,05/04/21,–Ø–±—É—Ä–µ –∫–∞–±—É—Ä–µ,üõê–ü–æ–∫–ª–æ–Ω—è—é—Å—å –¢–∞–Ω–∞–∫–µüõê,False,12,,0,263800,6913855419903853570,midokugo,üõê–ü–æ–∫–ª–æ–Ω—è—é—Å—å –¢–∞–Ω–∞–∫–µüõê,1609757595,False,MS4wLjABAAAA5Rakin_kXO0oBYYbOmmLm1E8ul1yOepbnpvEIBaug5wN5muTowINerwm7eJnsXpE,0,False,0,0,0,False
6849765908194265089,05/04/21,I See Red,Everybody Loves An Outlaw,False,15,I See Red,0,62100,NA,NA,NA,NA,NA,NA,NA,NA,NA,NA,NA,NA
6838059590286837761,05/04/21,The Chicken Wing Beat,desktop,False,60,The Chicken Wing Beat,0,5200000,6726613067742970885,desktopgoated,desktop,1566161994,True,MS4wLjABAAAAAyKFTTeyufTnYBPXu3R_cqDf9BBkyL4T-CyAbWroufoaNUuPbE7s_M5B8QUo2r23,0,False,0,0,0,False
6957273826925300485,05/04/21,Originalton,YZ,False,15,,0,476,6717651461067604997,youneszarou,YZ,1564046472,True,MS4wLjABAAAALP9H8t1_SVmfuAKXV1o9K8XqiaFLxm2ae-EJ5_AJcwogcI_d9btuf_fjbjFOMNpN,0,False,0,0,0,False
6948584229899078406,05/04/21,Too late posted and forgot to add OG music sorry,ishiniw,False,11,,0,162000,245413426770923520,ishiniw,ishiniw,1498882635,False,MS4wLjABAAAAqa32m1SvraN1U7CZA0t4wMU-N9QJVmFHoIDQbAwaflHy80_SkiLy2KN_r5D91UpC,0,False,0,0,0,False
6896897026315864833,05/04/21,popstar,am back-,False,15,,0,15000,6896085823394628610,lmfao.im.back,am back-,1605620254,False,MS4wLjABAAAAt3NZApEDoOVpJnh6PhkcCTxN2p3WCTAB9SH9wNonxsl46XjWIYhIkA5_f9ESOnHl,0,False,0,0,0,False
6605649335042444037,05/04/21,Almost there,Caydenüèô,False,112,lil.lit_editz,0,266300,6594464443668234246,therealdemski,Caydenüèô,1535673464,False,MS4wLjABAAAAa5WCfH2PbNnIw3xJzjVuB-Gq7bnUGmGSlMBiDkISftIuvygZ9d1qUfizSycEm9Eb,0,False,0,0,0,False
6958118933903756037,05/04/21,son original,nytiss,False,57,,0,1113,6839966663757480965,nytiss,nytiss,1592526905,False,MS4wLjABAAAAXRpF8zqY1KUb7LtldY6Qdx7R25Fhdxvu60_Rxqwm6HBP741LSRnK3NRWsSZz3RdO,0,False,0,0,0,False
6939824753008003841,05/04/21,8D,ÍßÅüëë‡∏ô‡∏ô‡∏ó‡πå ‡∏ï‡∏µ‡πâüëëÍßÇ,False,26,,0,100900,6856025362734023681,nontynine09,ÍßÅüëë‡∏ô‡∏ô‡∏ó‡πå ‡∏ï‡∏µ‡πâüëëÍßÇ,1596293002,False,MS4wLjABAAAAUGR7_EPQ9J9JUTf6hPYVmaXOqL9phEuR71OMofQOE5-_GaV1zTTIUA_l4qJ5XivK,0,False,0,0,0,False
6708008838341135110,05/04/21,sailorj contouring 101 on youtube,skeet,False,59,,0,22300,17427948,skylerbaylie,skeet,1448374665,False,MS4wLjABAAAAxo_Xgj6uzCa7NVuhSh2CI64Fm-Dxb_MSto9Z7ZP65vg,0,False,0,0,0,False
6807984440287955717,05/04/21,how would they know bad girls club,Chris Gleason,False,22,,0,228300,6761450355433620486,cgleason22,Chris Gleason,1575025164,False,MS4wLjABAAAAxHjxJyDymtiYiXfPMemEGWnvbM_fy2buVDGSRLx9wvcqzoTjAWgO3IV62WwFYgOJ,0,False,0,0,0,False
6952090282762570502,05/04/21,son original,user9152689813937,False,8,,0,994,6899951894245295110,zacbertrand,user9152689813937,1606520574,False,MS4wLjABAAAAnyu_W-tem7TVkdrilr5doim7k24i1y8SuxZRlpNCidZrpX9Qg6XeFmgZ_SEreVeT,0,False,0,0,0,False
6953002139056622342,05/04/21,mmm sheeesh,gracyyyy,False,10,,0,12900,6546279692617416709,gracy1013,gracyyyy,1564971740,False,MS4wLjABAAAA47hQMWUzUBTajHo05Qn21e6Fke6Ekc87mz62sI3-1Rd81fMv92id3wGUm85NmPDP,0,False,0,1,1,False
6872420298566781697,05/04/21,If u see this follow or have bad luck for ever xD,Xanime [„Ç¢„Ç§],False,42,,0,51200,6862782756599055365,x__anime,Xanime [„Ç¢„Ç§],1597866206,False,MS4wLjABAAAAyFCV1Re-nivPdQlTeI8gNLwrmKgfRmzyWp6u4slB4Ltk8eDVzQQv3X6dfBosZBmO,0,False,0,0,0,False
6897210916509599745,05/04/21,Oh No Oh No Oh No No No,Dubskie,False,60,Oh No Oh No Oh No No No,0,422200,NA,NA,NA,NA,NA,NA,NA,NA,NA,NA,NA,NA
6705024400694970369,05/04/21,Can't Hold Us (feat. Ray Dalton),Macklemore & Ryan Lewis,False,60,The Heist,0,4114,NA,NA,NA,NA,NA,NA,NA,NA,NA,NA,NA,NA
6586074347348167430,05/04/21,Beautiful (feat. Camila Cabello),Camila Cabello,False,30,Beautiful (feat. Camila Cabello),0,1200000,153416220371775488,camilacabello,Camila Cabello,1476920012,True,MS4wLjABAAAAakkZYjH61hI2DN_7kKK3jMxksRuQuzafOGKm98BXObYcdFfiKnAjvtg2fmlXjxFO,0,False,0,0,0,False
6956658328806312709,05/04/21,sonido original,NOTICIAS MILLENNIAL,False,15,,0,148,6878622341347132418,noticiasmillennial,NOTICIAS MILLENNIAL,1601554210,False,MS4wLjABAAAAo2wfgtqhJUAgcHAbKzFekaVBHiHC4p2zqZxy2PSGcsmIwb5THhFV82VqKtJyHoX7,0,False,0,0,0,False
6745625291953014785,05/04/21,FML,Arizona Zervas,False,40,Living Facts,0,772900,6590389516967739397,arizonazervas,Arizona Zervas,1559583695,True,MS4wLjABAAAAffS5-Uu4VdwvEFa4AecL1avV5wSzFBk-HOsCUgOvaQIU3Mw5mmX4PpsdzRaSzg1l,0,False,0,0,0,False
6931747481009097477,05/04/21,everyone using this sound,zup,False,23,,0,83700,6777828629696218117,zupku,zup,1578086359,False,MS4wLjABAAAAHHJRxhpn1a-wFqskvKA-Y0mss7WxqOkpx3OatpCksMYjmfutgWThOsnBa9kXYu9M,0,False,0,0,0,False
6953991915952261890,05/04/21,–æ—Ä–∏–≥–∏–Ω–∞–ª—å–Ω—ã–π –∑–≤—É–∫,·É£·Éï·Éú·Éî·Éë·Éî·Éö·Éò ·Éõ·Éê·Éï·Éú·Éî,False,26,,0,235,6912480180237861893,uvnebelimavne,·É£·Éï·Éú·Éî·Éë·Éî·Éö·Éò ·Éõ·Éê·Éï·Éú·Éî,1609651299,False,MS4wLjABAAAAPKxejZEdBIk91gQW9Yn2wfGZXtkj6JNXZHEUQFtZRJt4lTdbSdfb_PlVGs6tEcEJ,0,False,0,0,0,False
6956990112127585029,05/04/21,BUILD A BITCH BY BELLA POARCH,bella poarch,False,19,,0,29000,6956892693952562181,bhieluh_portz,bella poarch,1619777850,False,MS4wLjABAAAAc5jgJLKVyKhUK2g9qLmKNqTo6I6wzqu9Y0vUGi8rjZf4ySgcRRtSFINy8IIHMDTP,0,False,0,3,3,False
6948928166677252869,05/04/21,Good Day,Scouty,False,29,,0,390,6619758671668183046,scoutybear23,Scouty,1572614679,False,MS4wLjABAAAAnfEmBjxXtocTN10gAMqI6v_nhtTFWC5GOLo69orTUCkAv0h3_HM431nTSK2RHnxC,0,False,0,0,0,False
6954894505036221190,05/04/21,sonido original,Silvana14,False,59,,0,21,6624371849160491014,vasilvana1,Silvana14,1576473925,False,MS4wLjABAAAAMXfi6-YrxJdLJB9U-2nnoax7_jmSdt-tCPZTPvcwpUy11jfxDwB60_JEEw-jxsJJ,0,False,0,0,0,False
6416586727481150210,05/04/21,Young Wild And Free,Wiz Khalifa,False,25,,0,147600,125488344494485505,wizkhalifa,Wiz Khalifa,1470290268,True,MS4wLjABAAAAG2-YIl3EkUX2Tg9GNHvw6OPshWBHmGKx2oK9qbejfGJ22raU8g1utAtuSsN6xjOP,0,False,0,0,0,False
6948086714175621121,05/04/21,Kiss Me More (feat. SZA),Doja Cat,False,30,Kiss Me More (feat. SZA),0,571900,NA,NA,NA,NA,NA,NA,NA,NA,NA,NA,NA,NA
6756963366746475270,05/04/21,COPYCAT x Bad Guy,rapidsongs ,False,15,,0,387900,101389484209885184,rapidsongs,rapidsongs ,1464544652,False,MS4wLjABAAAAy6WWiqlfWRP_UP1dhq1Q9jPZ_-LLoGOlKuIWG7uGrlDnz_HPlEFVhuBtkF6_jA1E,0,False,0,0,0,False
6861355060333398789,05/04/21,orijinal ses,ponciklendin,False,59,,0,147400,6564032831517065222,ponciklendin,ponciklendin,1528294278,True,MS4wLjABAAAASg7z7PPteWZXcXn_27_RJBzIyGWTncl_mKyoiMMGarNqb7fC124tU-klL4uTFo9A,0,False,0,0,0,False
6787142837377959937,05/04/21,Spongebob,Dante9k,False,60,Spongebob,0,2200000,NA,NA,NA,NA,NA,NA,NA,NA,NA,NA,NA,NA
6940496199535299334,05/04/21,Break it off,üòòüôà‚ò∫Ô∏è,False,10,,0,472900,6909939680693191686,pinkpantheress,üòòüôà‚ò∫Ô∏è,1608845861,False,MS4wLjABAAAAY1fDpNfNuJJgwQbWFj42JOUh-ARqyj9RqUQEvEDalqazBHv5rPb0dD2s10a8WdXB,0,False,0,3,3,False
6837319730202823429,05/04/21,Cousin Stizz ‚Äì Perfect Ft. City Girls,Jas_nicole,False,14,,0,118100,6794242598229197830,jgonz860,Jas_nicole,1584663374,False,MS4wLjABAAAALjg9RVItX24LsFoF9cj9N_f0nOIAOOC_6qAPwWy5PcHObe5jhos-yCkGHqCie90e,0,False,0,0,0,False
6418356150286158594,05/04/21,Look At Me Now (feat. Lil' Wayne & Busta Rhymes),chrisbrownofficial,False,39,F.A.M.E. (Expanded Edition),0,202800,6807605867299603461,chrisbrownofficial,chrisbrownofficial,1584991843,True,MS4wLjABAAAAhozCeV-nMNYOvqcCYMrFkJnoxIF6Pd7oyANhq1CSgEqwG6ISsqFncjElKh6PlUnX,0,False,3,0,0,False
6776223935601051649,05/04/21,Cold-Blooded,Zayde W√∏lf,False,60,Cold-Blooded,0,17700,NA,NA,NA,NA,NA,NA,NA,NA,NA,NA,NA,NA
6667462256944483074,05/04/21,Lai Lai Lai,Realkdmusic,False,52,Lai Lai Lai,0,2100000,NA,NA,NA,NA,NA,NA,NA,NA,NA,NA,NA,NA
6769474796817238018,05/04/21,MOVE MOVE MOVE,The Muse Maker,False,140,,0,1327,NA,NA,NA,NA,NA,NA,NA,NA,NA,NA,NA,NA
6744446812653947654,05/04/21,Lottery,K CAMP,False,20,Lottery,0,24000000,NA,NA,NA,NA,NA,NA,NA,NA,NA,NA,NA,NA
6811143678275439365,05/04/21,suono originale,Federico Marciüî•,False,12,,0,6243,6802890900441465862,federicomarcy,Federico Marciüî•,1584193703,False,MS4wLjABAAAAULXCzJUE4jmnVVPdV6Kn2VFR1uFLd9vvtPsl29FThl18GNPVRyPG_i9iz-eFjQ16,0,False,0,0,0,False
6905594638237731590,05/04/21,nae naed,ü§î 5k?!? ü§î,False,12,,0,9058,6680514119118472198,iiashle,ü§î 5k?!? ü§î,1555428561,False,MS4wLjABAAAA9tz6RxWnxQ8Kz9GAkeei-WfgA8gNbMtJjmuYgEd8yA33WmaXHfhrRZz9e3vP71jl,0,False,0,1,1,False
6954123012073360134,05/04/21,sonido original,user1841589317643,False,11,,0,3340,6796008852539982854,gordo_flow123,user1841589317643,1582290597,False,MS4wLjABAAAAcl9TO9NzP3BqPgqIMwa6UC1_XDU412XR2ZF0dczFfTOXXSC0CGblPTwOJLqlJrvB,0,False,0,0,0,False
6939938341282383874,05/04/21,She Make It Clap,Soulja Boy,False,60,She Make It Clap,0,2900000,NA,NA,NA,NA,NA,NA,NA,NA,NA,NA,NA,NA
6722628124875426566,05/04/21,Choices (Yup),E-40,False,15,Sharp On All 4 Corners: Corner 1,0,717900,NA,NA,NA,NA,NA,NA,NA,NA,NA,NA,NA,NA
6941206562859468802,05/04/21,Peaches,Justin Bieber,False,45,Justice,0,982000,6756702871704192005,justinbieber,Justin Bieber,1575853058,True,MS4wLjABAAAAIDvnmw4IM9I6Jk7M0up6Fd4JC_OtGgVCwsy0vu51T9CGyxQwGLEmN_QZY1v2TYY5,0,False,0,0,0,False
6956830074532268805,05/04/21,Originalton,O.k.k.o,False,11,,0,92,6928036712586265606,o.k.k.o3,O.k.k.o,1613059423,False,MS4wLjABAAAAmPt0sxR0S4b_ZNuFII0YEYIafhYW3VdcELPAXQFkvmhbtI1OkohOurXED6y7pzYB,0,False,0,0,0,False
6821264585283078146,05/04/21,Shallow,Tommee Profitt,False,45,Covers - Vol. 1,0,6608,6850253845709833222,tommeeprofitt,Tommee Profitt,1594920791,True,MS4wLjABAAAAT_LiaLrXe-PzmlLcIj6cV5aojMWJ49EQIbyGKcEkd4TBRxi_HJyn0ntlk0fHaHu3,0,False,0,0,0,False
6956517947691010821,05/04/21,Originalton,YZ,False,22,,0,162,6717651461067604997,youneszarou,YZ,1564046472,True,MS4wLjABAAAALP9H8t1_SVmfuAKXV1o9K8XqiaFLxm2ae-EJ5_AJcwogcI_d9btuf_fjbjFOMNpN,0,False,0,0,0,False
6894385681414507270,05/04/21,Joshritt69 Dont run from the lord,Josh Ritter,False,9,,0,15500,6661307673890652165,joshritter69,Josh Ritter,1550956768,False,MS4wLjABAAAAW1dpWX-xEmr-vFuQ-tzB2TcpYPzYw-Ojr5r9_bc_FWrK-ajQdO_A8fqQCPgnuIRM,0,False,0,0,0,False
6806287808123111425,05/04/21,Welcome to Jurassic World,Michael Giacchino,False,30,Jurassic World (Original Motion Picture Soundtrack),0,162000,NA,NA,NA,NA,NA,NA,NA,NA,NA,NA,NA,NA
6777509948566800385,05/04/21,Yummy,Justin Bieber,False,30,Yummy,0,3800000,6756702871704192005,justinbieber,Justin Bieber,1575853058,True,MS4wLjABAAAAIDvnmw4IM9I6Jk7M0up6Fd4JC_OtGgVCwsy0vu51T9CGyxQwGLEmN_QZY1v2TYY5,0,False,0,0,0,False
186098346120556544,05/04/21,Gasolina,daddyyankee,False,26,Barrio Fino (Bonus Track Version),0,153800,85228440332730368,daddyyankee,daddyyankee,1460691559,True,MS4wLjABAAAAtBGdHy8_cZCxKRqL4b8y_Lai6He42r3Aqe3xEmaU-ANTnQRK2h-y1xB_xy2z-GE2,0,False,0,0,0,False
6813503723873127174,05/04/21,V·∫πo m√° tr√≤n,Wat5onn,False,8,,0,142500,6813314566395675653,wat5onn,Wat5onn,1586348899,False,MS4wLjABAAAAVCvvVl1K_3PMBaLeOjaHH9sBsFY6dLE8dL8SaUFmFdaSwqrqC8Na5eRV_CF-jxbv,0,False,0,0,0,False
6939135230951361282,05/04/21,orijinal ses,suleymanseker,False,50,,0,74,6857456609548141574,suleymanseker21,suleymanseker,1615634210,False,MS4wLjABAAAA5pOaVqR49SMX-K4NhoAg88nzOsKvlKzPfipIlaGVL3skiRt3SFTq1tVL3zBtFFay,0,False,0,0,0,False
6696924957990996742,05/04/21,Cradles,SUB URBAN,False,26,Cradles,0,1200000,6680242202810221573,thatsuburban,SUB URBAN,1555365306,True,MS4wLjABAAAArBjaNjTOhoqET-net1xEI70ySzhrBwsEtrnvm_h_wZLkZZYTVZOttKKY0AgVj51e,0,False,0,0,0,False
6914530565300226049,05/04/21,Astronaut In The Ocean,Masked Wolf,False,60,Astronaut In The Ocean,0,3800000,NA,NA,NA,NA,NA,NA,NA,NA,NA,NA,NA,NA
227521259104829440,05/04/21,Love Me,Justin Bieber,False,30,My World,0,194600,6756702871704192005,justinbieber,Justin Bieber,1575853058,True,MS4wLjABAAAAIDvnmw4IM9I6Jk7M0up6Fd4JC_OtGgVCwsy0vu51T9CGyxQwGLEmN_QZY1v2TYY5,0,False,0,0,0,False
6854654862202784517,05/04/21,Deep End,Foushe√©,False,34,Deep End,0,3600000,6764851326079124485,kungfou,Foushe√©,1584479631,True,MS4wLjABAAAAH-tMqUlbC3UwDHuYIZLQ7R3RS9AMwqF9Pv7jVYF3lOyPTrTl0fFLoFg9FGjQJQLf,0,False,0,0,0,False
